F1,F2,F3,F4,F5,F6,F7,F8,F9,F10,F11,F12,F13,F14,F15,F16,F17,F18,F19,F20,F21,F22,F23,F24,F25,F26,F27,F28,F29,F30,F31,F32,F33,F34,F35,F36,F37,F38,F39,F40,F41,F42,F43,F44,F45,F46,F47,F48,F49,F50,F51,F52,F53,F54,F55,F56,F57,F58,F59,F60,F61,F62,F63,F64,KELAS
0.026081419,0.022509057,0.026383012,0.02214405,0.019672585,0.022509057,0.019786096,0.02214405,0.016933457,0.017359494,0.016979831,0.017072363,3.794850879,4.725702518,3.347667364,4.953697002,6.393625393,4.725702518,5.945193153,4.953697002,8.150038848,7.638243365,7.83248114,7.866789622,56.18659028,82.19768841,40.67268201,88.86112241,147.3675518,82.19768841,123.0349681,88.86112241,222.543873,199.120603,202.2803363,204.6089086,0.408862258,0.339622864,0.418171225,0.329619406,0.278719002,0.339622864,0.283845168,0.329619406,0.220221586,0.229795779,0.223883125,0.2220293,61.70799279,49.46526151,115.3416278,47.85543284,125.20742,55.48052245,2446.812096,2290.142453,3078.088372,0.001469955,1.52E-07,4.60E-11,4.01E-12,-5.02E-23,1.32E-15,2.10E-23,Cheetah
0.031839615,0.028200691,0.032462791,0.02854188,0.026118692,0.028200691,0.026374425,0.02854188,0.023712407,0.023484682,0.023822054,0.024041091,11.87403893,14.85831624,10.37857981,14.12116551,18.70109186,14.85831624,16.87256637,14.12116551,22.38956216,22.13196997,20.8723572,20.82740283,455.5810438,773.7599547,397.2173899,638.9735324,1115.037556,773.7599547,1001.279133,638.9735324,1560.033829,1586.236771,1429.827509,1343.073806,0.263122015,0.221041316,0.265669903,0.223551055,0.20009336,0.221041316,0.194404939,0.223551055,0.171455709,0.163133249,0.161742935,0.168710318,92.3811422,34.08297971,161.8924021,50.4916854,134.8079354,43.36686929,1161.649506,2549.410294,1880.685352,0.001347319,4.13E-07,3.33E-12,3.05E-12,7.13E-24,1.33E-15,-6.61E-24,Cheetah
0.029604189,0.020038387,0.020694491,0.019491865,0.022159224,0.020038387,0.015989271,0.019491865,0.019087295,0.015640113,0.014215686,0.015235307,5.592551985,9.667284142,7.997665173,9.278748949,10.00621212,9.667284142,13.77511713,9.278748949,13.30566097,15.75123297,17.6101963,15.40277354,159.2976055,385.2566147,233.4865653,321.2558117,487.1191288,385.2566147,666.1596809,321.2558117,794.4967173,913.1360586,1010.87032,814.4173658,0.334983544,0.178430259,0.191024291,0.170529464,0.213934257,0.178430259,0.117478078,0.170529464,0.165281874,0.112513848,0.092005436,0.106853958,128.4628805,37.87082604,173.963434,43.00364658,181.9131698,46.89512139,1434.199465,1849.313619,2199.15241,0.001112142,3.80E-07,1.34E-12,6.00E-13,4.13E-25,1.72E-16,-3.45E-25,Cheetah
0.029681738,0.016618809,0.016801637,0.016549059,0.021894838,0.016618809,0.014284169,0.016549059,0.018850002,0.014278922,0.013662379,0.014104002,5.922903687,12.3445686,11.62508929,12.82532312,10.02645962,12.3445686,16.73184511,12.82532312,12.84709893,17.29907418,18.78278602,18.13791332,219.6500346,461.6516329,382.7758528,532.1915174,546.4554457,461.6516329,795.4792873,532.1915174,775.7954274,879.0560967,994.1470532,975.2779803,0.313798164,0.120444878,0.124165195,0.118517788,0.190764147,0.120444878,0.085947158,0.118517788,0.14557159,0.085614633,0.076331088,0.083253473,83.90211367,26.87069471,116.6557849,34.18549847,148.2758863,39.66376649,722.0342339,1168.648306,1573.214372,0.001483632,3.81E-07,9.22E-12,4.87E-12,-2.06E-23,1.94E-15,-2.52E-23,Cheetah
0.011192317,0.009510326,0.010487067,0.009685505,0.00921668,0.009510326,0.008978383,0.009685505,0.008778395,0.008597106,0.008628506,0.008702277,16.14316718,22.24282113,16.63512416,20.65495979,25.94242714,22.24282113,25.89807471,20.65495979,30.99723379,31.47808788,30.50332373,29.7681688,627.4846888,1114.355971,593.5362034,934.7713524,1604.474238,1114.355971,1468.10977,934.7713524,2254.924326,2238.986295,2067.484159,1979.127287,0.090159314,0.062259288,0.080444423,0.065154395,0.057211992,0.062259288,0.053490792,0.065154395,0.049602311,0.046225735,0.047122042,0.048373605,87.32902857,48.82677093,129.8685619,48.03922287,139.7525429,55.67263732,2384.053559,2307.766934,3099.442546,0.001492727,6.16E-07,4.71E-12,2.32E-12,5.49E-24,1.80E-15,5.38E-24,Cheetah
0.035460062,0.031298841,0.037028625,0.031507381,0.027829423,0.031298841,0.029147398,0.031507381,0.024513893,0.02521744,0.025725268,0.025553042,7.024873764,8.196750121,6.897076552,8.182205208,9.937130473,8.196750121,9.578465164,8.182205208,11.38971727,11.07968067,10.94265837,10.82986144,168.88494,215.094107,164.0082842,215.6812011,302.4074195,215.094107,283.6062978,215.6812011,370.4675129,361.0029021,346.7259214,343.4470217,0.320815456,0.273959036,0.332120057,0.275936347,0.233554639,0.273959036,0.246435078,0.275936347,0.195116743,0.202707947,0.207285538,0.20569871,58.2044048,44.78205096,170.1285437,54.16740151,197.2761498,52.76457215,2005.432088,2934.107386,2784.100074,0.001237527,4.00E-07,3.80E-13,2.13E-13,-5.56E-26,1.07E-16,-2.45E-26,Cheetah
0.028373697,0.023210205,0.025533791,0.022879733,0.021896193,0.023210205,0.019475308,0.022879733,0.019319724,0.018200109,0.016926433,0.017976823,10.8553467,14.57033051,11.08229933,14.48535218,18.06742881,14.57033051,18.02961409,14.48535218,21.74470193,21.66502816,21.83122896,21.50789181,442.9089307,775.5982012,448.0210284,730.3859398,1146.702035,775.5982012,1099.393557,730.3859398,1567.21817,1527.131016,1497.654646,1469.341253,0.274120051,0.204160825,0.237306773,0.200389593,0.188303444,0.204160825,0.154262204,0.200389593,0.151943309,0.136161356,0.11848007,0.132853729,33.92504167,25.13574857,74.52810833,45.14639088,91.39916667,53.86776911,631.8058562,2038.19661,2901.736549,0.002059216,4.22E-07,4.57E-11,2.14E-11,-9.44E-23,-8.20E-15,-6.63E-22,Cheetah
0.010739349,0.009997833,0.011170569,0.009969044,0.009326322,0.009997833,0.009475369,0.009969044,0.008992577,0.009044634,0.009050623,0.009028637,17.28732176,20.11562243,15.54705945,20.17514602,24.08632086,20.11562243,22.84266667,20.17514602,26.82685408,26.22431437,26.06453655,26.25181206,562.2990975,740.9759653,450.6225544,742.2905865,1050.131075,740.9759653,943.2322838,742.2905865,1301.29139,1247.244475,1226.793331,1233.996615,0.070605704,0.058968309,0.076969025,0.059399429,0.048597724,0.058968309,0.051535657,0.059399429,0.043413448,0.044834342,0.044979399,0.044661434,91.31140533,32.52744802,129.859536,39.94305197,161.384808,44.1227822,1058.034875,1595.447401,1946.819909,0.001337666,2.77E-07,8.95E-13,1.38E-14,4.70E-28,-8.65E-19,-1.46E-27,Cheetah
0.022972964,0.014337319,0.016555045,0.014422932,0.017474803,0.014337319,0.013052274,0.014422932,0.015180928,0.009904986,0.01149905,0.010024911,9.122791955,18.88498347,16.11426221,17.82156567,16.31914848,18.88498347,26.42172524,17.82156567,21.64401372,29.96163463,31.83683226,28.36263584,370.0047275,999.5717438,677.0195064,858.7851249,1078.140681,999.5717438,1733.049649,858.7851249,1691.971833,2215.292931,2420.702153,1984.121384,0.240215228,0.096860037,0.109927255,0.099224052,0.150049872,0.096860037,0.071057469,0.099224052,0.113362808,0.057442608,0.058347339,0.061038578,102.748545,44.32765285,127.8423757,57.68650522,158.3981005,71.95317317,1964.940807,3327.732885,5177.25913,0.001608343,8.94E-07,4.74E-12,7.87E-12,2.45E-23,6.64E-15,-4.14E-23,Cheetah
0.022777506,0.020913801,0.023026444,0.020933373,0.02050229,0.020913801,0.020101365,0.020933373,0.01945745,0.019144762,0.019078576,0.019169081,11.95738624,14.17138494,10.6738494,14.6855639,17.11623672,14.17138494,15.80275529,14.6855639,19.83658105,19.66904476,19.06811515,19.61942028,449.3587114,595.7412355,358.9751386,657.7722674,843.2194242,595.7412355,683.2552508,657.7722674,1053.623567,1010.111127,937.0496667,1016.774749,0.19720096,0.166550831,0.20045742,0.16725821,0.155152651,0.166550831,0.15187172,0.16725821,0.138497817,0.133289722,0.133721466,0.134126998,108.1283003,69.62227394,140.9595676,56.07664595,139.2965105,61.46574664,4847.261029,3144.590221,3778.038009,0.001354484,1.81E-07,1.76E-11,9.50E-12,1.08E-22,-3.38E-15,5.88E-23,Cheetah
0.093041117,0.086541188,0.096166757,0.087328949,0.082268665,0.086541188,0.087945788,0.087328949,0.075625472,0.075034342,0.082013816,0.07570456,22.20590112,28.67219418,22.30180854,25.95537932,30.94679616,28.67219418,31.16419615,25.95537932,33.10468624,34.9516833,34.41011813,33.73675383,1642.258971,2487.40447,1543.496441,2147.086277,2967.431978,2487.40447,2864.188835,2147.086277,3155.582482,3377.952492,3278.138812,3256.738088,0.305194376,0.277275547,0.309067436,0.282478811,0.264874873,0.277275547,0.276490436,0.282478811,0.241821135,0.240072556,0.257695319,0.243797872,133.3075427,71.18867445,143.9552997,57.53956771,148.0688964,54.05390908,5067.827371,3310.801853,2921.825087,0.00115582,5.03E-10,2.15E-11,6.65E-12,-5.65E-23,-1.49E-16,5.61E-23,Cheetah
0.016962623,0.014941991,0.017824115,0.01460424,0.013033161,0.014941991,0.013504584,0.01460424,0.011562741,0.01180085,0.011841304,0.011577012,11.34195995,13.07083326,8.893266533,13.98001611,18.20137433,13.07083326,14.90614993,13.98001611,21.34998929,19.55557256,18.49625755,20.33288233,346.2235834,442.3466827,214.2838343,507.5184521,821.1078182,442.3466827,564.896249,507.5184521,1059.178112,906.9210881,819.1890651,960.4005809,0.194834072,0.15479406,0.201494947,0.149025366,0.125976771,0.15479406,0.124888957,0.149025366,0.099132329,0.099154664,0.095652916,0.094831581,54.24758933,39.67970713,131.4853813,41.63579741,129.8762987,45.23795049,1574.479158,1733.539626,2046.472165,0.001465123,3.65E-07,2.31E-12,5.34E-12,-4.30E-24,2.37E-15,1.83E-23,Cheetah
0.032156898,0.024403215,0.025744122,0.023173468,0.025209211,0.024403215,0.01954439,0.023173468,0.022277226,0.019011388,0.016900267,0.017945839,7.824224962,10.58773977,8.037507143,10.99896937,13.53792394,10.58773977,14.1034552,10.99896937,17.22497261,17.42529257,18.19579856,17.61640109,233.5157646,395.6087103,223.3676643,420.8540653,678.6621933,395.6087103,656.4255197,420.8540653,1044.901509,999.0073916,1018.352935,987.6385542,0.347696469,0.240279752,0.264113319,0.224617671,0.253557934,0.240279752,0.170575752,0.224617671,0.209648316,0.159128458,0.129362817,0.144837089,50.23762278,21.48207806,94.78634875,36.8638884,140.2396157,53.851362,461.4796778,1358.946268,2899.969189,0.001768988,7.77E-07,2.72E-11,3.15E-11,9.14E-22,2.65E-14,1.24E-22,Cheetah
0.022929439,0.020600268,0.025154704,0.021148139,0.018699889,0.020600268,0.020285329,0.021148139,0.017608764,0.01789293,0.018868635,0.018279438,9.338563539,11.25766181,7.586764163,11.06189877,14.65953723,11.25766181,12.37610923,11.06189877,17.27927369,16.27547699,15.17014533,16.11352089,236.9085791,341.8359695,166.9727863,354.739961,612.2261022,341.8359695,465.4956217,354.739961,879.810546,765.7041315,721.1118522,790.8942706,0.191438908,0.157110052,0.218980499,0.163479729,0.131201097,0.157110052,0.150760648,0.163479729,0.11542912,0.118900976,0.132137805,0.123789436,113.4418802,26.57782575,128.1957112,28.99349503,146.3899969,30.21776968,706.3808218,840.622754,913.1136044,0.001312561,2.38E-07,3.34E-13,4.54E-13,-1.26E-25,-1.95E-16,-1.25E-25,Cheetah
0.032041152,0.026599805,0.030284033,0.025843933,0.024741443,0.026599805,0.022915902,0.025843933,0.021401433,0.020697603,0.019603546,0.01994509,8.68440575,11.16111327,8.205450913,11.87327624,14.66632233,11.16111327,14.15026919,11.87327624,18.70156242,17.82446643,18.5486954,19.11355722,224.489462,347.2274567,195.169218,395.3441181,606.7139441,347.2274567,570.1879439,395.3441181,933.0964607,849.0442483,953.6772471,977.7541576,0.298129465,0.244902804,0.289968036,0.236445672,0.220869403,0.244902804,0.204335371,0.236445672,0.183038616,0.1736106,0.162543257,0.164771907,106.7356371,51.76967712,157.9529238,50.60161868,157.9997327,50.68644543,2680.099469,2560.523813,2569.115751,0.001335978,6.61E-07,2.35E-11,2.81E-11,6.63E-22,2.26E-14,2.83E-22,Cheetah
0.023538006,0.021216784,0.027672569,0.021497901,0.018005274,0.021216784,0.020915174,0.021497901,0.015868607,0.016596071,0.018169031,0.016839384,9.292696026,12.14646176,9.298996387,12.18079414,15.39634342,12.14646176,15.29275467,12.18079414,19.13094299,18.43389018,18.79892404,18.52802059,237.3486942,401.915911,245.830831,424.3853884,648.05713,401.915911,664.6737508,424.3853884,977.9130911,906.0880925,985.2470431,952.0144716,0.217775436,0.184999503,0.256214884,0.189877206,0.143312935,0.184999503,0.178654743,0.189877206,0.114199149,0.12444292,0.144342059,0.128768527,92.23025116,36.53233064,123.2404495,40.56102493,157.1880579,41.60353663,1334.611182,1645.196743,1730.85426,0.001480154,6.03E-07,1.06E-11,1.02E-12,3.21E-24,-7.26E-16,-8.95E-25,Cheetah
0.069403484,0.056367661,0.064145686,0.056448603,0.053528195,0.056367661,0.048609106,0.056448603,0.046055891,0.043594175,0.041692254,0.04367555,7.652306994,11.71765531,9.547455343,11.06862571,13.03663825,11.71765531,15.05926741,11.06862571,16.8003093,17.68104817,18.3528096,16.95269784,283.9891024,618.7210866,394.9024831,525.6751613,779.8923111,618.7210866,953.7886174,525.6751613,1194.881153,1284.404381,1332.949079,1155.928658,0.404455783,0.32631865,0.370012122,0.327876924,0.308871188,0.32631865,0.273357395,0.327876924,0.25616577,0.236907166,0.220632444,0.237079927,81.49009369,28.65351636,127.8881163,32.77668296,134.1545308,36.14258466,821.0239995,1074.310946,1306.286426,0.001550293,6.73E-07,4.07E-13,3.83E-13,-1.16E-25,-2.26E-16,-9.78E-26,Cheetah
0.038076131,0.030839082,0.036782966,0.032949414,0.029096055,0.030839082,0.02759105,0.032949414,0.025298292,0.023758903,0.023719643,0.025498595,7.348830203,9.481908998,6.339673402,8.688211138,12.12752743,9.481908998,10.71774105,8.688211138,15.23033359,14.69984326,13.81480242,13.60288905,236.9541901,376.5562145,175.431716,319.6647134,597.6525431,376.5562145,461.719916,319.6647134,878.4534498,809.0435918,716.719667,716.7067154,0.353854366,0.271839938,0.344892333,0.292818317,0.246504492,0.271839938,0.227932393,0.292818317,0.20050521,0.180699678,0.178133779,0.197200091,163.0443359,51.3061273,176.861,53.03099933,183.1341055,52.55545542,2632.318698,2812.28689,2762.075895,0.001086857,2.46E-07,1.50E-11,1.13E-11,8.27E-23,4.48E-15,1.22E-22,Cheetah
0.028791995,0.025182581,0.028971461,0.025104342,0.022973942,0.025182581,0.02323978,0.025104342,0.020731243,0.020970201,0.021040949,0.020791415,7.13334854,8.557810774,6.956957486,8.554574813,10.08638766,8.557810774,9.991609522,8.554574813,11.77215419,11.24314468,11.83335786,11.8816958,158.3383635,214.271137,146.2018127,211.3004483,292.2702897,214.271137,283.6911262,211.3004483,385.9107546,350.67806,397.1365957,397.3770721,0.310935486,0.260281867,0.311351692,0.259054033,0.229318747,0.260281867,0.231111305,0.259054033,0.196142536,0.198278699,0.198709782,0.195659818,91.70319824,38.12157169,116.463846,39.43458287,136.5954801,43.4460637,1453.254228,1555.086326,1887.560451,0.001498236,2.86E-07,1.41E-11,1.50E-12,-3.87E-24,5.36E-16,-5.71E-24,Cheetah
0.018376346,0.016863368,0.020746277,0.016556673,0.014839882,0.016863368,0.016187263,0.016556673,0.013782456,0.014149066,0.014540737,0.013881119,17.74180991,21.97709203,17.10715429,21.96530678,25.74223665,21.97709203,24.98334004,21.96530678,28.19076342,27.92382979,27.31485754,28.04204661,932.2320776,1424.573944,929.0351713,1422.034613,1845.55828,1424.573944,1874.582656,1422.034613,2076.197881,2115.382229,2092.069755,2096.045086,0.135808069,0.113527922,0.166588784,0.109174042,0.086899153,0.113527922,0.103263926,0.109174042,0.073192966,0.075646947,0.08148878,0.07467578,73.91264821,38.62277175,124.8175778,39.00875189,77.20490173,64.89373663,1491.718498,1521.682724,4211.197054,0.001682281,5.86E-07,8.50E-12,1.60E-12,2.42E-24,1.21E-15,-5.36E-24,Cheetah
0.023027409,0.014790242,0.016224748,0.015162196,0.016989846,0.014790242,0.012378272,0.015162196,0.014544398,0.011492275,0.010962435,0.011848404,5.128138564,10.22378149,8.393571429,9.444307764,9.170723244,10.22378149,14.03055695,9.444307764,12.33639028,16.61371658,17.7238539,15.30469656,92.75885643,266.2789193,171.7876566,221.92972,278.2768855,266.2789193,472.9357915,221.92972,481.3649079,673.2371683,738.4602267,561.8327213,0.296971589,0.144761462,0.170924875,0.148143737,0.184023233,0.144761462,0.105663118,0.148143737,0.140516719,0.090663038,0.0829395,0.093496683,63.790425,33.22215644,141.4049458,61.90983745,165.873875,69.30110534,1103.711678,3832.827973,4802.643201,0.001374199,2.40E-07,1.58E-12,3.60E-12,3.95E-24,-1.19E-15,-7.64E-24,Cheetah
0.013318072,0.011530974,0.013796898,0.011411457,0.010298835,0.011530974,0.010551911,0.011411457,0.009117308,0.009143666,0.009235618,0.008996135,11.82338724,14.77718929,9.609766713,14.56775254,19.23572797,14.77718929,16.39770426,14.56775254,24.23144078,23.03801597,21.52500438,23.2578151,373.4113632,524.866195,213.2425487,492.7676906,875.5276036,524.866195,582.8943523,492.7676906,1286.975597,1135.860681,950.8431504,1122.15533,0.140387254,0.103059746,0.141553482,0.100509013,0.085936419,0.103059746,0.084896332,0.100509013,0.064957598,0.063450686,0.064478882,0.060784543,86.36940104,42.59100898,99.57698785,48.49377924,96.05118924,53.8010745,1813.994046,2351.646625,2894.555618,0.001882687,1.06E-06,7.69E-12,2.11E-12,5.98E-24,-1.65E-15,-6.01E-24,Cheetah
0.008247804,0.00727611,0.008181711,0.007271536,0.0067142,0.00727611,0.006648834,0.007271536,0.006161428,0.00613044,0.006073494,0.006138103,18.29460015,23.69175833,18.65847678,23.81338694,28.52733358,23.69175833,29.04856692,23.81338694,34.43321432,34.35331841,35.28899353,34.3758194,672.9725027,1111.984484,705.9302721,1122.376828,1593.651791,1111.984484,1649.989782,1122.376828,2248.347106,2222.892841,2349.837862,2229.033571,0.076082542,0.058531037,0.076456856,0.058935068,0.050256794,0.058531037,0.049572412,0.058935068,0.041251417,0.039595849,0.039345272,0.040478049,76.05361737,56.34803772,144.6381434,59.38039625,150.2851038,60.00053686,3175.101354,3526.031459,3600.064424,0.001340222,3.05E-07,5.91E-12,1.30E-12,-3.57E-24,-6.90E-16,3.09E-25,Cheetah
0.074660258,0.063043936,0.069065481,0.061800998,0.062067197,0.063043936,0.057254256,0.061800998,0.05675224,0.053190024,0.05243646,0.052184082,2.018228773,3.49718586,3.481257222,4.16334029,3.538326141,3.49718586,5.767150555,4.16334029,4.698242089,5.68218124,7.386134077,6.630282989,21.10125976,69.89292354,64.26916739,81.33971416,64.01373432,69.89292354,164.8801902,81.33971416,110.9751731,172.2765087,250.1894106,192.5671987,0.541035433,0.429362705,0.452957733,0.406350287,0.42855644,0.429362705,0.353106053,0.406350287,0.379660663,0.337150383,0.308964987,0.319771305,143.5309411,41.40812845,121.5021634,48.30993505,39.81160541,58.92904953,1714.633102,2333.849824,3472.632878,0.00260516,3.68E-06,1.20E-10,2.53E-10,2.59E-20,4.70E-13,3.58E-20,Hiu
0.039056266,0.032527954,0.037955524,0.032763036,0.03046256,0.032527954,0.030254056,0.032763036,0.02659461,0.025797405,0.026322687,0.0260684,3.501549703,5.533350529,4.546718147,5.371704242,5.982064693,5.533350529,7.689341085,5.371704242,7.765868408,8.808982842,9.934824903,8.465229801,45.32215352,105.2526177,69.1229408,95.68076188,126.4197377,105.2526177,189.911854,95.68076188,207.1537897,258.9306785,310.8334468,230.996124,0.429386115,0.333399717,0.379688457,0.336966236,0.316414138,0.333399717,0.285179264,0.336966236,0.262828935,0.245392782,0.239380161,0.250477279,158.3799359,39.15254897,134.0822756,45.19768697,58.76173077,70.78724244,1532.922091,2042.830907,5010.833693,0.001610901,7.55E-07,3.29E-11,3.12E-11,-9.93E-22,-2.71E-14,-1.25E-22,Hiu
0.035416673,0.029173362,0.033462662,0.029002863,0.027147043,0.029173362,0.025792076,0.029002863,0.023775746,0.022996894,0.022525109,0.02278439,1.970181575,3.497245492,2.88488978,3.464924509,3.462256684,3.497245492,5.149017403,3.464924509,4.627153949,6.000040268,7.041309188,5.971568091,18.75995995,61.20417872,43.65199198,54.20938272,55.91231551,61.20417872,132.2231807,54.20938272,96.49851138,174.0393365,227.5064467,151.5003409,0.486439429,0.365888805,0.42701644,0.360930635,0.343038124,0.365888805,0.296353227,0.360930635,0.284021532,0.258174701,0.241989074,0.251983336,80.32570133,51.06517063,75.70258133,51.97174059,56.94708533,54.28471738,2607.651652,2701.061819,2946.830541,0.002126368,1.05E-06,9.89E-11,8.76E-11,-7.73E-21,7.74E-14,-2.61E-21,Hiu
0.144044593,0.12973398,0.145726128,0.129405328,0.125669787,0.12973398,0.128289278,0.129405328,0.114694145,0.110222331,0.117266939,0.109823129,0.886687321,1.513201157,1.039841934,1.28895607,1.573752188,1.513201157,1.827166317,1.28895607,2.116313333,2.519600801,2.450475607,2.143637988,10.34416276,28.44240897,14.67380288,16.32074127,29.479097,28.44240897,40.9858607,16.32074127,49.52610768,70.97477269,67.26365254,41.44300205,0.802111712,0.728460093,0.79177783,0.729493556,0.717667132,0.728460093,0.708568347,0.729493556,0.660690127,0.630836907,0.651520256,0.630430887,139.0493882,22.17201236,89.86564892,21.49525336,9.948703897,28.7789793,491.598132,462.045917,828.2296495,0.002413974,9.15E-07,1.45E-11,9.18E-14,1.02E-25,-8.60E-17,2.86E-26,Hiu
0.038594264,0.032690554,0.035996361,0.032308931,0.031293577,0.032690554,0.02911236,0.032308931,0.028979159,0.027928328,0.026665996,0.027391953,2.079216868,2.77522764,2.414619865,3.106685209,3.253857764,2.77522764,3.838740399,3.106685209,3.8332468,3.969926364,4.66893165,4.492337554,18.69987103,30.41845801,25.69117413,44.06225632,46.64230318,30.41845801,68.55944086,44.06225632,67.2993957,67.46834581,107.0225523,100.1858151,0.514121617,0.427251058,0.476148579,0.421748242,0.405552155,0.427251058,0.37028934,0.421748242,0.369080264,0.352132256,0.332454235,0.343270631,163.7936035,31.50308522,125.5182502,44.01740382,52.60592536,62.30538594,992.4443782,1937.531839,3881.961117,0.001548383,4.23E-07,2.57E-11,3.85E-11,-9.78E-22,-7.97E-17,-7.13E-22,Hiu
0.046140456,0.036836259,0.042511122,0.038022871,0.037056326,0.036836259,0.034877278,0.038022871,0.032518241,0.029787445,0.031131103,0.031157979,1.973092129,3.231500666,2.439990764,2.802393197,3.276593647,3.231500666,3.950222154,2.802393197,4.228719088,5.079369009,5.018874459,4.301082389,45.55546326,84.41391643,42.3904649,61.42430381,111.895702,84.41391643,111.6353934,61.42430381,165.3581309,189.9057597,180.1184477,141.7010156,0.64550616,0.513067537,0.578062164,0.531345979,0.525029284,0.513067537,0.474193634,0.531345979,0.456127829,0.406125224,0.421063026,0.430189618,162.3823072,55.71669374,153.9741567,55.87497341,67.55921659,55.37678756,3104.349961,3122.012653,3066.588601,0.001389898,2.55E-07,1.19E-10,1.12E-10,1.14E-20,5.18E-14,-6.03E-21,Hiu
0.064352677,0.049924195,0.053506283,0.048430002,0.053585802,0.049924195,0.041094961,0.048430002,0.047486115,0.039076447,0.035226851,0.037701056,1.68198338,2.937425412,2.605546479,3.404145223,2.99800782,2.937425412,4.751127546,3.404145223,3.988275714,5.095457313,6.438683995,5.916939072,22.3734059,49.60940647,38.21257314,65.07728239,68.24250605,49.60940647,123.024792,65.07728239,112.9225078,145.1636538,214.0860227,188.3150096,0.647313406,0.508478383,0.535156581,0.485174155,0.537766821,0.508478383,0.406918824,0.485174155,0.477259477,0.390537148,0.337305018,0.367748737,125.4596559,30.45653261,95.93974366,37.75877566,35.32331459,52.18695922,927.6003789,1425.725139,2723.478713,0.002213725,1.85E-06,3.25E-10,3.37E-10,9.89E-20,4.35E-13,-5.17E-20,Hiu
0.810112904,0.80827553,0.809183393,0.808256816,0.808557327,0.80827553,0.807284808,0.808256816,0.807632409,0.806265617,0.806003818,0.806321721,0.804768769,1.229363498,1.024982983,1.276441607,1.353609218,1.229363498,1.798757515,1.276441607,1.745919759,2.072798904,2.425051153,2.106716439,18.90459259,40.93447201,26.95644845,41.1205119,54.87069539,40.93447201,80.83557916,41.1205119,91.87378335,113.3351954,137.5423571,107.2831294,0.88836058,0.866527314,0.873043556,0.866100006,0.870346412,0.866527314,0.854636489,0.866100006,0.863739603,0.851675954,0.846773884,0.851366861,234.871621,49.8380299,235.602544,48.97004365,235.528451,48.65495326,2483.829224,2398.065175,2367.304477,0.000747963,2.05E-10,7.70E-15,2.39E-14,-3.24E-28,-1.25E-19,2.40E-31,Hiu
0.095839105,0.084059601,0.090950969,0.084239587,0.083885791,0.084059601,0.078326961,0.084239587,0.078060373,0.073090003,0.07263584,0.073339048,1.675943314,3.320935829,2.895995822,3.164070776,2.896717172,3.320935829,5.019470147,3.164070776,3.798608931,5.520678272,6.751868873,5.264505,15.81055469,66.72259493,48.24660515,51.28772324,49.00049634,66.72259493,143.2216699,51.28772324,88.17508721,182.3160934,248.3493479,145.0395352,0.605151438,0.480827021,0.520968023,0.485022795,0.494913797,0.480827021,0.416522748,0.485022795,0.445804748,0.388251663,0.368111497,0.393475077,157.5797873,52.1098493,137.2586632,67.20073967,88.22036024,45.38595861,2715.436394,4515.939413,2059.885239,0.00164078,7.59E-07,1.00E-11,1.37E-11,1.39E-22,-1.18E-14,-8.05E-23,Hiu
0.04497633,0.034584806,0.039156595,0.034178801,0.035609144,0.034584806,0.029998551,0.034178801,0.031583038,0.027696183,0.026410802,0.027154674,5.082332662,7.895501204,5.755167959,7.969000597,9.015476429,7.895501204,10.26930052,7.969000597,11.3983567,11.99607207,13.05596146,12.21799805,140.8936096,268.0990386,164.8477078,271.5581187,343.6617247,268.0990386,405.8584113,271.5581187,510.6533902,540.2251748,610.7432426,552.0084889,0.417888093,0.302720036,0.362685887,0.296153061,0.303719338,0.302720036,0.240463854,0.296153061,0.258153053,0.216434292,0.197267201,0.206354038,110.5035002,45.36620664,93.93662704,45.08345276,64.37534087,60.1642156,2058.092705,2032.517712,3619.732839,0.001927162,8.67E-07,7.95E-12,1.03E-10,2.28E-22,9.62E-14,2.96E-21,Hiu
0.036486879,0.027979446,0.029853665,0.027281914,0.028635688,0.027979446,0.023695021,0.027281914,0.025532141,0.022939345,0.021279425,0.022303953,2.417662314,4.226257467,3.862550053,4.475775165,4.10033394,4.226257467,6.385879121,4.475775165,5.270445351,6.590739893,8.144636576,7.083998949,24.96047303,69.60297613,56.64854795,73.74134285,69.46180766,69.60297613,147.1283981,73.74134285,112.2074138,163.2556344,226.1191227,174.0433837,0.494067589,0.351409918,0.374098602,0.338711837,0.369385662,0.351409918,0.271782206,0.338711837,0.316761905,0.264582573,0.228789398,0.250554124,164.7752921,43.79935948,161.2329718,43.33466615,134.4145271,49.48886921,1918.383891,1877.89329,2449.148176,0.001346623,4.66E-07,2.56E-11,3.13E-12,2.46E-23,1.79E-15,1.35E-23,Hiu
0.052229214,0.042073989,0.045550681,0.040866295,0.040909672,0.042073989,0.036097854,0.040866295,0.037338567,0.034925407,0.033238446,0.033877826,1.825413335,2.969020622,2.464234875,2.959983115,3.057680192,2.969020622,4.125934046,2.959983115,3.803556317,4.619018786,5.153651786,4.573332047,11.87789566,32.20027323,21.7185694,28.27489233,32.8336264,32.20027323,60.90805526,28.27489233,51.99681816,80.19718403,96.9229625,69.7472628,0.496527122,0.371428657,0.42100598,0.363643334,0.358317693,0.371428657,0.300243058,0.363643334,0.311672747,0.277318072,0.26114897,0.271462757,230.5285577,25.98013454,148.012325,32.47395479,25.07767318,51.81041162,674.9673905,1054.55774,2684.318752,0.001495191,6.33E-07,3.05E-15,1.94E-12,-1.99E-26,2.11E-16,1.48E-25,Hiu
0.03922813,0.031588649,0.035085985,0.031603085,0.031161331,0.031588649,0.028619654,0.031603085,0.02872615,0.027159942,0.026740494,0.027151498,5.704656422,7.875138745,6.646982759,7.987919935,8.582037773,7.875138745,9.824480099,7.987919935,9.704765431,10.59244556,11.06038033,10.62066255,136.6764841,222.4270725,163.6361638,239.8883689,287.0840189,222.4270725,338.2040358,239.8883689,341.5471745,379.0713888,398.4435467,389.9093182,0.357214622,0.266365658,0.305335755,0.268657489,0.264529302,0.266365658,0.231722759,0.268657489,0.234460788,0.211228152,0.209887178,0.21299153,178.405318,30.25298406,122.349957,34.46115652,36.68073733,31.81071737,915.2430445,1187.571309,1011.92174,0.001685802,4.40E-07,2.72E-11,2.59E-11,-4.62E-23,1.39E-14,6.85E-22,Hiu
0.060228303,0.048212795,0.05255072,0.048494513,0.050349701,0.048212795,0.043828446,0.048494513,0.046605815,0.041216189,0.04042705,0.041508428,4.466675824,7.272804954,6.103294085,6.698868022,6.959421488,7.272804954,9.638392939,6.698868022,8.454935543,10.94266644,11.8559845,9.741130031,88.18154762,221.0316348,156.7643836,187.0901172,211.8532691,221.0316348,387.0602372,187.0901172,305.9904604,484.4003735,561.1110373,393.2388837,0.393599426,0.290354571,0.325344785,0.296102342,0.309171085,0.290354571,0.248274477,0.296102342,0.275383845,0.228075161,0.216638715,0.234230433,142.1176164,40.42094536,96.6943653,48.8051098,49.70616438,75.00513984,1633.852824,2381.938743,5625.771003,0.001525873,1.22E-07,6.63E-12,7.68E-12,5.48E-23,-1.15E-15,3.83E-25,Hiu
0.039812787,0.035912711,0.039165131,0.035851899,0.033897572,0.035912711,0.033196757,0.035851899,0.032694309,0.032259642,0.031687332,0.032296331,2.478448707,3.094640505,2.556148198,3.215144797,3.743210907,3.094640505,3.886168672,3.215144797,4.370316903,4.281328953,4.576338688,4.480772321,18.78642535,27.84611453,18.78790387,32.79929536,46.44590874,27.84611453,46.69704211,32.79929536,67.21153773,58.25104452,67.77610442,69.52426504,0.392123915,0.338813436,0.383087854,0.336990538,0.310395701,0.338813436,0.301323361,0.336990538,0.294657214,0.289235498,0.281836964,0.289817824,173.3302433,27.2047819,136.4297056,28.70562989,48.73723778,36.86978517,740.1001582,824.0131876,1359.381058,0.001568064,4.81E-07,1.26E-12,5.95E-12,-3.13E-24,-3.83E-15,1.60E-23,Hiu
0.069866192,0.057768084,0.064483995,0.058002913,0.056776364,0.057768084,0.051916156,0.058002913,0.050905866,0.047394933,0.046748995,0.04771181,2.640179292,3.957789152,2.788787583,3.559958269,4.600113388,3.957789152,4.853570963,3.559958269,6.193616087,6.409581611,6.490566243,5.757967962,37.87633536,78.51328747,39.35796592,61.20691814,105.6191199,78.51328747,108.5938563,61.20691814,188.7971584,189.9500122,190.9932395,151.8631145,0.551969056,0.459990651,0.522021085,0.464874067,0.444136107,0.459990651,0.407759044,0.464874067,0.389931588,0.360382433,0.35480066,0.365449084,177.9151448,53.20577896,103.9534736,32.48565575,20.35719424,35.70866355,2830.854915,1055.31783,1275.108652,0.002035768,6.82E-07,3.39E-11,4.99E-11,-6.76E-22,6.13E-15,-1.94E-21,Hiu
0.062724952,0.051089097,0.054745779,0.050027759,0.052617178,0.051089097,0.044430044,0.050027759,0.047235894,0.042304022,0.039386533,0.040629284,1.010440214,2.043838136,1.76303207,1.996945345,1.80074659,2.043838136,3.108622579,1.996945345,2.449662494,3.481789402,4.205886447,3.393990136,7.855587954,25.33293918,18.91940233,25.00714213,25.09719519,25.33293918,59.09791012,25.00714213,46.79723716,75.96242461,106.8583919,74.44166746,0.718392351,0.582607548,0.618868291,0.579225276,0.609192525,0.582607548,0.502724505,0.579225276,0.547079965,0.478177911,0.438846523,0.463137308,203.5723664,47.27101812,142.8594911,41.72479354,9.296139586,20.50519702,2234.549154,1740.958396,420.4631047,0.001807387,8.28E-07,5.04E-11,7.70E-11,3.28E-21,6.38E-14,3.50E-21,Hiu
0.059996336,0.048551335,0.053339372,0.047282168,0.050315417,0.048551335,0.041979527,0.047282168,0.044954067,0.039144303,0.03632718,0.037583035,1.165171275,2.243909137,2.001353586,2.470115649,2.042654998,2.243909137,3.582192737,2.470115649,2.737798709,3.826907585,4.915025385,4.266978687,14.08674144,36.74637425,28.33504091,41.845393,40.34476228,36.74637425,81.94091306,41.845393,67.35007849,98.86713455,140.8876269,114.4914844,0.725152577,0.603799941,0.644800369,0.589655059,0.625314153,0.603799941,0.524639971,0.589655059,0.566711332,0.4927565,0.446229337,0.470909616,164.6934375,51.31318373,109.3589019,40.14654736,42.17490451,47.47753031,2633.042825,1611.745265,2254.115884,0.001872509,1.05E-06,3.69E-11,1.33E-11,1.54E-23,1.35E-14,2.94E-22,Hiu
0.071241808,0.058547977,0.067213528,0.058666997,0.056883818,0.058547977,0.054136902,0.058666997,0.050868745,0.048156835,0.049035768,0.048196141,1.384062269,2.20353525,1.645876331,2.011946848,2.414295546,2.20353525,2.800020531,2.011946848,3.146533086,3.53050222,3.585144928,3.187848535,8.39209944,19.66310134,11.36485258,15.87264488,25.19075611,19.66310134,32.19501109,15.87264488,43.28324041,51.38080823,52.36116601,40.8348119,0.621031774,0.510785299,0.579469482,0.515700023,0.496248014,0.510785299,0.461856602,0.515700023,0.438676015,0.407056805,0.411357891,0.410823895,169.5160255,24.40132696,111.0158417,38.76925477,26.51475129,39.25351153,595.4247575,1503.055115,1540.838168,0.001705987,7.69E-07,1.71E-11,3.24E-12,1.53E-23,2.50E-15,-1.86E-23,Hiu
0.064985395,0.057765455,0.066387507,0.057784252,0.054859095,0.057765455,0.056965312,0.057784252,0.049652416,0.048129125,0.052036932,0.048158047,4.180699068,5.608118105,4.721593183,5.808142363,6.498402398,5.608118105,7.143605241,5.808142363,7.642539333,7.699785313,8.131977436,7.838691373,99.63937417,156.9892036,123.9852454,178.1516417,210.6467422,156.9892036,254.6886181,178.1516417,267.16075,263.8853797,306.8396574,282.125342,0.523624911,0.457821016,0.52180775,0.457768396,0.43080225,0.457821016,0.438958029,0.457768396,0.385286401,0.377816871,0.399148114,0.376775803,70.60788822,72.88639503,72.52632601,71.09844769,71.19712575,69.73448322,5312.426581,5054.989264,4862.89815,0.001988206,2.47E-07,1.06E-10,1.93E-10,-2.01E-21,-8.50E-14,2.76E-20,Panda
0.04100864,0.034292412,0.040735818,0.034511942,0.031829273,0.034292412,0.031892492,0.034511942,0.027870087,0.027108344,0.028106025,0.02738031,3.219667918,4.889427376,3.678272273,4.72074926,5.693510008,4.889427376,6.387509267,4.72074926,7.629169564,8.195463283,8.462765399,7.843916442,39.26702737,89.49020505,55.10954312,81.55420948,120.6996732,89.49020505,158.6769844,81.55420948,214.2606067,244.4408561,262.7609393,215.4853262,0.427332333,0.333669549,0.409275125,0.335585389,0.304055246,0.333669549,0.290702609,0.335585389,0.248228691,0.235368851,0.238572242,0.239711625,43.38003687,48.30806671,58.66723028,50.17021537,53.40039063,49.8875717,2333.66931,2517.05051,2488.76981,0.002686624,1.16E-06,7.49E-10,3.64E-10,-2.41E-20,-6.13E-14,1.89E-19,Panda
0.019118831,0.016377081,0.019164761,0.016586389,0.015172916,0.016377081,0.015242908,0.016586389,0.013690684,0.013565677,0.013722168,0.013712043,7.985758457,11.39239246,8.871277709,11.27674387,13.49047047,11.39239246,14.92630052,11.27674387,17.08461455,17.62524522,18.74141002,17.67429311,170.1910225,343.6549843,211.3395967,332.7165162,489.873223,343.6549843,591.8976982,332.7165162,789.3284985,820.7809818,916.4510884,818.9592975,0.221144539,0.171337583,0.212158205,0.172758646,0.151756191,0.171337583,0.146316208,0.172758646,0.127110314,0.123100081,0.122140198,0.124560819,90.30609831,61.57628518,104.8874839,63.92297033,97.34193856,64.3706551,3791.638897,4086.146136,4143.581238,0.001733206,3.49E-07,1.18E-10,1.07E-10,1.02E-20,2.55E-14,-6.35E-21,Panda
0.027116459,0.023935615,0.026565399,0.023814511,0.022600021,0.023935615,0.022117397,0.023814511,0.020739736,0.020433616,0.02038146,0.020417155,4.323857591,6.518473428,5.228418919,6.501294087,7.487169241,6.518473428,9.004045113,6.501294087,9.807216251,10.52088689,11.64509639,10.67162747,65.68724797,161.352196,104.9719054,146.5868451,200.2636698,161.352196,312.3778586,146.5868451,345.3114411,417.6574156,516.3490422,404.3013109,0.308073387,0.242513988,0.294720092,0.238805951,0.213048464,0.242513988,0.205799977,0.238805951,0.180592089,0.178575288,0.17748794,0.175449505,101.1271619,64.94634062,103.601036,66.30141221,94.82664318,76.37613837,4218.02716,4395.877261,5833.314513,0.001647338,3.54E-07,7.67E-11,6.29E-12,-1.32E-22,-3.39E-16,-4.00E-23,Panda
0.025663677,0.021729353,0.024547898,0.021577007,0.020049958,0.021729353,0.019339957,0.021577007,0.017864871,0.017756485,0.017198489,0.017551831,5.594282989,8.097191735,6.326155943,8.049219714,10.00219402,8.097191735,11.14203496,8.049219714,13.64775569,13.76588943,15.05218664,13.73914818,103.5271177,212.2440537,133.0611887,213.5012177,319.8907136,212.2440537,397.3241164,213.5012177,570.9985844,586.107417,689.1176875,585.8422179,0.291607427,0.224936979,0.271714526,0.226319213,0.196767849,0.224936979,0.183391657,0.226319213,0.15943112,0.156533426,0.147433171,0.156171633,62.69313197,69.27226766,82.66153197,65.96800828,76.01400816,66.76425741,4798.647067,4351.778117,4457.466068,0.001976836,1.99E-07,5.87E-10,2.04E-10,-4.64E-21,-2.46E-14,-7.07E-20,Panda
0.023295537,0.018719185,0.021450255,0.018810728,0.017701534,0.018719185,0.016736503,0.018810728,0.015409321,0.014967331,0.014734876,0.01498852,4.038295752,6.164474919,4.658852152,5.852867206,7.207408796,6.164474919,7.699285714,5.852867206,9.921826839,10.07031408,10.09570799,9.720999698,65.31436402,148.0340461,84.85199002,121.7419827,202.329023,148.0340461,219.9792857,121.7419827,377.4732114,385.5386041,363.3360604,329.2184034,0.349524224,0.248162521,0.309521116,0.25432685,0.229328914,0.248162521,0.203969687,0.25432685,0.180980387,0.167346252,0.161483361,0.171396603,77.00873292,56.21017424,88.69879503,55.4843542,91.32442236,56.33890058,3159.583688,3078.513561,3174.071719,0.002010515,5.49E-07,2.66E-11,7.21E-11,2.41E-21,-4.23E-14,-2.04E-21,Panda
0.029342985,0.025481682,0.029030816,0.025114863,0.023415174,0.025481682,0.023339036,0.025114863,0.020934504,0.0210268,0.021048933,0.020746406,3.613050902,5.129387425,4.080073892,5.637622712,6.490877161,5.129387425,7.104618945,5.637622712,8.866083522,8.722440543,9.395296846,9.5309338,42.38129432,81.94529439,57.70340517,101.9331681,133.0336075,81.94529439,170.8308269,101.9331681,244.1902717,233.44688,291.4560946,285.6130072,0.363460154,0.289286558,0.356060059,0.278805405,0.247120198,0.289286558,0.244983379,0.278805405,0.199908021,0.201841904,0.199897656,0.193401386,93.70255914,69.62316739,96.94450077,67.77075799,95.0398894,69.91678767,4847.385437,4592.875639,4888.357198,0.001707732,5.63E-07,5.39E-10,4.15E-10,1.82E-19,2.87E-13,7.30E-20,Panda
0.027264965,0.02461969,0.028569243,0.024693448,0.022906244,0.02461969,0.023878408,0.024693448,0.021506889,0.021676578,0.022301364,0.021776423,6.76933353,8.816978403,6.841077577,8.763711902,10.46021272,8.816978403,10.46496721,8.763711902,12.70561144,12.47878426,12.40619907,12.46889731,234.4806732,454.6031992,330.0208361,443.2574749,555.1387815,454.6031992,717.4202521,443.2574749,790.7142299,844.3175878,915.5817888,847.206076,0.294663415,0.250278402,0.327082587,0.252708662,0.216285066,0.250278402,0.237550255,0.252708662,0.193508243,0.19816892,0.209260132,0.201233947,72.28682794,71.73053831,108.1966023,77.08595757,66.90575251,73.14691868,5145.270126,5942.244854,5350.471712,0.001826925,7.08E-07,5.69E-11,1.45E-10,-7.09E-21,-1.09E-13,-1.11E-20,Panda
0.033764089,0.032233335,0.034468502,0.032150911,0.03083373,0.032233335,0.03193673,0.032150911,0.029223046,0.029606404,0.030647517,0.029467898,8.543911411,11.4312057,9.116638848,11.28316674,13.75351425,11.4312057,14.37656448,11.28316674,17.35031929,17.44445476,17.83682671,17.24585592,289.9563249,509.9990962,340.8151127,480.6595646,691.1128668,509.9990962,787.640432,480.6595646,1000.644641,1028.500597,1106.888021,986.920224,0.274652941,0.217464296,0.281171932,0.217131223,0.191006482,0.217464296,0.197209861,0.217131223,0.156397635,0.151114412,0.161884957,0.150223284,128.0493802,76.73649194,132.1987091,73.25352784,127.8395828,76.52261057,5888.489196,5366.079341,5855.709929,0.001360272,3.29E-07,1.44E-11,2.29E-11,4.10E-22,-2.96E-15,6.37E-23,Panda
0.076780359,0.071830145,0.077003973,0.071919293,0.069921014,0.071830145,0.070862796,0.071919293,0.066358462,0.065773402,0.067623209,0.065728473,4.229695594,6.16374003,4.89659853,5.892867176,7.191029412,6.16374003,7.851472557,5.892867176,9.295705489,9.338799046,9.755769282,9.222104998,77.27017089,154.9148176,103.1676847,145.9628121,216.4603663,154.9148176,251.7240884,145.9628121,356.260921,342.3536445,385.6780496,350.0592933,0.459739538,0.390635124,0.44015565,0.390745043,0.366117214,0.390635124,0.354192937,0.390745043,0.323042964,0.316346478,0.315670408,0.314622616,86.92896267,88.06873111,106.06608,87.38344244,97.99978667,87.37606949,7756.101399,7635.866012,7634.57752,0.001571523,5.78E-07,3.75E-11,8.24E-11,-4.54E-21,-4.98E-14,-5.79E-22,Panda
0.017978299,0.015252344,0.018017267,0.01526769,0.01378062,0.015252344,0.013747326,0.01526769,0.012176919,0.01204222,0.012021298,0.012028159,5.882816776,8.158954767,5.865150685,7.949346729,10.56753441,8.158954767,10.62198648,7.949346729,14.50688339,14.28431946,14.67602458,13.970785,117.1769894,216.9673639,128.3011465,223.7995103,352.2242588,216.9673639,383.732891,223.7995103,623.7227515,610.7314942,668.1774444,619.9382843,0.25881822,0.198061248,0.256626901,0.200154391,0.167025075,0.198061248,0.164276103,0.200154391,0.132879585,0.130537987,0.129572983,0.131817552,110.6570198,64.6689857,112.4217192,63.44735288,111.6939386,62.95411798,4182.077711,4025.566588,3963.220971,0.001731878,9.72E-07,7.05E-13,1.63E-11,-1.40E-23,1.59E-14,-5.36E-23,Panda
0.044197279,0.037880199,0.042885215,0.038045567,0.036392047,0.037880199,0.035601947,0.038045567,0.033146473,0.032211879,0.032766067,0.032326766,4.279184731,5.865186418,4.611122449,5.646853377,6.920018665,5.865186418,6.992700037,5.646853377,8.941081553,8.856561311,8.736553114,8.541807429,81.84894451,146.8510262,102.1483601,136.4509394,202.2456892,146.8510262,225.7213007,136.4509394,336.255424,332.7540397,356.0730513,312.1808785,0.400666488,0.327148356,0.406495546,0.329490936,0.294571949,0.327148356,0.302181473,0.329490936,0.250526925,0.246342236,0.259081399,0.249270078,123.2958161,89.99909523,126.9921301,90.85165958,128.2408361,91.03122971,8099.837142,8254.024049,8286.684782,0.001443251,7.85E-07,2.68E-10,1.63E-10,3.11E-20,8.83E-14,1.36E-20,Panda
0.065788513,0.064055905,0.066190573,0.064258246,0.063021451,0.064055905,0.06344415,0.064258246,0.061421169,0.061290036,0.062025831,0.061703007,5.229580506,6.812853339,4.933761466,6.249819455,8.093660026,6.812853339,7.505327556,6.249819455,10.08906708,9.739444914,9.159040586,9.220313534,123.2850738,202.7999052,109.6431066,154.9834482,265.1358378,202.7999052,227.6470124,154.9834482,381.6894728,368.5304171,318.7062114,307.1291354,0.393474791,0.335366289,0.411947731,0.335526124,0.288346229,0.335366289,0.304439264,0.335526124,0.240181772,0.247811777,0.253896138,0.246984817,106.8053644,81.57646826,126.5162543,76.18227221,119.4051618,77.49467353,6654.720173,5803.738599,6005.424426,0.001574652,7.97E-07,1.75E-10,1.38E-10,2.05E-20,1.16E-13,5.91E-21,Panda
0.014976411,0.012468299,0.014217791,0.012505675,0.011835181,0.012468299,0.011329746,0.012505675,0.010838594,0.010429142,0.010349249,0.010508271,9.536978134,12.50933904,11.13355871,13.22532371,13.53898375,12.50933904,15.20737974,13.22532371,14.95690013,16.20851851,16.78534527,16.45144655,314.4777056,501.8822272,434.3835333,580.5821584,570.9656633,501.8822272,743.116148,580.5821584,650.7781427,787.1087363,858.4528645,827.6585616,0.231719113,0.167445574,0.211701788,0.17150061,0.153871064,0.167445574,0.141207424,0.17150061,0.127051375,0.11682781,0.115500951,0.120707569,99.36444162,64.7077163,109.9699565,66.45570218,113.1339014,70.60351436,4187.088549,4416.360352,4984.85624,0.001654836,8.84E-07,3.59E-11,3.96E-11,1.44E-21,3.71E-14,3.73E-22,Panda
0.01682643,0.014640607,0.016709188,0.014210127,0.012866039,0.014640607,0.012790224,0.014210127,0.011306692,0.011635994,0.011209527,0.011259477,6.719453812,8.657438179,7.421566061,10.04304914,11.79510848,8.657438179,12.82941948,10.04304914,15.45430424,13.86057882,16.51153251,16.02594477,124.7190308,216.4949032,168.258454,296.0166244,377.9223912,216.4949032,488.6212521,296.0166244,631.1686638,533.9985173,770.7694737,709.4022406,0.239422039,0.196157728,0.244014034,0.184158119,0.157542915,0.196157728,0.158589618,0.184158119,0.125822708,0.13262014,0.125415691,0.122182918,86.44606819,62.73311955,126.2170481,62.58591768,141.2928544,70.2641157,3935.444288,3916.997092,4937.045956,0.001651986,8.13E-07,2.56E-11,1.52E-11,-2.52E-22,-1.37E-14,1.65E-22,Panda
0.019622,0.017453336,0.019273044,0.017530635,0.016490997,0.017453336,0.016153475,0.017530635,0.015324195,0.015129977,0.014822139,0.015173581,12.37406864,15.97723324,13.16305006,16.46893185,19.3578171,15.97723324,20.18208955,16.46893185,23.42303818,23.30755441,24.091625,23.53803608,514.5427913,815.9293555,582.3202833,901.9237431,1179.69926,815.9293555,1266.504035,901.9237431,1600.244194,1555.128061,1646.239708,1637.315962,0.194364569,0.15483308,0.186590939,0.157861106,0.13793234,0.15483308,0.134278592,0.157861106,0.118596711,0.116660006,0.112832461,0.118634216,100.4977148,82.25110185,109.621237,81.96796902,105.0339217,82.55770493,6765.243755,6718.747945,6815.774643,0.001452577,7.86E-07,8.91E-11,4.50E-11,2.54E-21,3.68E-14,1.30E-21,Panda
0.034497077,0.027722912,0.031917389,0.027866944,0.026397702,0.027722912,0.024582551,0.027866944,0.023498979,0.022313635,0.021885317,0.022443929,3.967648934,6.76736711,5.354346439,6.442411607,6.559845056,6.76736711,8.755230126,6.442411607,8.405689214,10.46258202,11.23858316,9.886944791,74.49623609,181.6008955,116.0087538,156.7263539,188.2748984,181.6008955,282.7218445,156.7263539,304.0944444,399.3134812,446.161609,356.3569801,0.360606971,0.249301401,0.307441976,0.253307061,0.242143514,0.249301401,0.205038421,0.253307061,0.200067285,0.17190666,0.167826429,0.176296794,53.10162326,48.51049315,57.71554688,50.36188206,63.59162905,54.3947394,2353.267945,2536.319165,2958.787675,0.003017108,9.22E-07,1.78E-09,5.76E-10,8.86E-20,1.46E-13,-5.76E-19,Panda
0.026409438,0.022621523,0.026111446,0.023434525,0.020934309,0.022621523,0.020892004,0.023434525,0.018783297,0.018721692,0.018727537,0.019422277,6.599361485,8.763098586,6.930062186,9.107903821,11.24893028,8.763098586,11.61451826,9.107903821,14.92815967,14.30735409,15.1870159,14.84116047,168.9192746,284.6227407,191.570828,327.9503796,464.9732697,284.6227407,506.3433756,327.9503796,763.2777202,690.6337114,801.3154035,781.5803329,0.297985253,0.236109879,0.296812025,0.249375303,0.210050017,0.236109879,0.210129349,0.249375303,0.173017443,0.169531848,0.172952931,0.179786229,91.49437075,70.24382691,94.6443835,69.51192983,91.4455102,70.0044849,4934.195219,4831.908388,4900.627907,0.002076253,6.14E-07,5.29E-11,7.58E-11,-3.78E-21,-5.84E-14,2.97E-21,Panda
0.025563674,0.021889747,0.025533352,0.021805576,0.019198775,0.021889747,0.019165656,0.021805576,0.01643312,0.016742321,0.016413845,0.016663499,5.970787192,7.136427592,5.841664212,7.363057682,8.854183617,7.136427592,8.683057851,7.363057682,10.72315804,10.13227877,10.37737356,10.31115762,146.6394202,192.2736339,135.9008336,202.8770556,283.6950753,192.2736339,263.2080756,202.8770556,374.6026652,334.6363814,339.8828571,338.2366472,0.322198902,0.254276447,0.317618114,0.255256744,0.211467108,0.254276447,0.207265687,0.255256744,0.1643317,0.167281776,0.161474901,0.168069149,95.49150206,50.14357023,127.9920723,56.36761085,126.7790035,55.14465744,2514.377635,3177.307553,3040.933245,0.001453099,3.03E-07,9.21E-12,4.13E-12,-1.44E-23,-1.30E-15,-2.10E-23,Panda
